mp-5628,1
mp-1111,1
mp-1229,1
mp-36480,1
mp-20772,1
mp-510408,1
mp-20714,1
mp-1086660,1
mp-1095076,1
mp-5765,1
mp-1188243,1
mp-1189623,1
mp-1188248,1
mp-20524,1
mp-1208987,1
mp-561428,1
mp-1080176,1
mp-20410,1
mp-755471,1
mp-1189690,1
mp-1200843,1
mp-510670,1
mp-21060,1
mp-755055,1
mp-754513,1
mp-559931,1
mp-560338,1
mp-999539,1
mp-1246377,1
mp-1190820,1
mp-510015,1
mp-1191317,1
mp-760030,1
mp-552051,1
mp-19201,1
mp-22608,1
mp-22590,1
mp-19350,1
mp-817982,1
mp-20009,1
mp-542512,1
mp-4582,1
mp-20186,1
mp-756546,1
mp-3317,1
mp-1223338,1
mp-755632,1
