mp-21284,1
mp-1797,1
mp-20086,1
mp-567240,1
mp-20242,1
mp-1018739,1
mp-570031,1
mp-19060,1
mp-5561,1
mp-1072181,1
mp-505531,1
mp-19823,1
mp-1699,1
mp-998363,1
mp-30409,1
mp-22256,1
mp-3854,1
mp-1094016,1
mp-1206575,1
mp-10118,1
mp-20670,1
mp-7892,1
mp-1079721,1
mp-11252,1
mp-1420147,1
mp-5400,1
mp-21420,1
mp-20448,1
mp-571339,1
mp-20422,1
mp-19824,1
mp-20837,1
mp-20552,1
mp-1226211,1
mp-4487,1
mp-610522,1
mp-1080062,1
mp-759749,1
mp-2766475,1
mp-21145,1
mp-20664,1
mp-238,1
mp-1216480,1
mp-1221644,1
mp-1070789,1
mp-1071293,1
mp-771,1
mp-20946,1
mp-1205343,1
mp-1009134,1
mp-15608,1
mp-22760,1
mp-1221683,1
mp-505803,1
mp-2728,1
mp-21089,1
mp-1080664,1
mp-20542,1
mp-5058,1
mp-825,1
mp-12857,1
mp-1218154,1
mp-19191,1
mp-1228813,1
mp-20926,1
mp-5069,1
mp-1220312,1
mp-20822,1
mp-1206750,1
mp-2965,1
mp-20842,1
mp-1077053,1
mp-1068010,1
mp-1227304,1
mp-5423,1
mp-13473,1
mp-1078286,1
mp-20426,1
mp-714944,1
mp-1224949,1
mp-1018800,1
mp-755708,1
mp-1670,1
mp-13398,1
mp-19857,1
mp-1227945,1
mp-20869,1
