mp-1188480,1
mp-1209899,1
mp-1213022,1
mp-1221787,1
mp-1223018,1
mp-1227724,1
mp-1235273,1
mp-1340758,1
mp-1379764,1
mp-16796,1
mp-2232127,1
mp-754895,1
mp-757465,1
mp-759590,1
mp-778510,1
mp-780699,1
mp-1172860,1
mp-1178278,1
mp-1178903,1
mp-1200659,1
mp-1207705,1
mp-1210954,1
mp-1218581,1
mp-1227410,1
mp-1227481,1
mp-1233249,1
mp-12449,1
mp-1272996,1
mp-22616,1
mp-753032,1
mp-754412,1
mp-755255,1
mp-756285,1
mp-759739,1
mp-765633,1
mp-776164,1
mp-1094044,1
mp-1101913,1
mp-1188108,1
mp-1194374,1
mp-1198989,1
mp-1212108,1
mp-1222206,1
mp-1223294,1
mp-1227182,1
mp-20223,1
mp-2229988,1
mp-6294,1
mp-644332,1
mp-715276,1
mp-757174,1
mp-849358,1
mp-1105304,1
mp-1105811,1
mp-1176733,1
mp-1178420,1
mp-1192540,1
mp-1193395,1
mp-1223365,1
mp-1227732,1
mp-1251643,1
mp-1271792,1
mp-1317719,1
mp-542397,1
mp-625242,1
mp-6603,1
mp-754231,1
mp-755244,1
mp-849460,1
mp-1079443,1
mp-10856,1
mp-1176417,1
mp-1176698,1
mp-1192215,1
mp-1210608,1
mp-1210924,1
mp-1211106,1
mp-1212884,1
mp-1227194,1
mp-1233484,1
mp-1272187,1
mp-1340170,1
mp-1435359,1
mp-20161,1
mp-22224,1
mp-22554,1
mp-4233,1
mp-4789,1
mp-614777,1
mp-752687,1
mp-755627,1
mp-881173,1
mp-1042170,1
mp-1120752,1
mp-1173526,1
mp-1208846,1
mp-1211045,1
mp-1213826,1
mp-1221054,1
mp-1221552,1
mp-1227180,1
mp-12450,1
mp-1446564,1
mp-18442,1
mp-33009,1
mp-5692,1
mp-1178219,1
mp-1211080,1
mp-1222459,1
mp-1283659,1
mp-1344143,1
mp-20970,1
mp-2224731,1
mp-22329,1
mp-3165,1
mp-504678,1
mp-560149,1
mp-755907,1
mp-768262,1
mp-757118,1
mp-11892,1
mp-1222227,1
mp-1272373,1
mp-18928,1
mp-20699,1
mp-504445,1
mp-755111,1
mp-759142,1
mp-764044,1
